bigram,count,probability
о_,39069,0.024323
е_,30564,0.019028
а_,30239,0.018826
и_,29249,0.018210
_н,26712,0.016630
_с,26001,0.016188
_в,23648,0.014723
то,22912,0.014264
_п,22569,0.014051
_о,21934,0.013656
я_,17968,0.011186
_и,17827,0.011099
на,17456,0.010868
ь_,17034,0.010605
ст,16285,0.010139
не,15990,0.009955
ал,15582,0.009701
но,15410,0.009594
_к,14532,0.009047
он,13486,0.008396
го,13339,0.008305
_т,13338,0.008304
по,13090,0.008149
ка,12352,0.007690
ко,12339,0.007682
ла,12332,0.007678
ни,12040,0.007496
_д,11863,0.007386
л_,11736,0.007307
ов,11590,0.007216
ен,11320,0.007048
й_,11266,0.007014
м_,11234,0.006994
во,11166,0.006952
_б,10875,0.006770
ро,10795,0.006721
у_,10774,0.006708
ра,10680,0.006649
_ч,10270,0.006394
ть,10126,0.006304
от,10090,0.006282
пр,9878,0.006150
ло,9285,0.005781
ел,9205,0.005731
ос,9204,0.005730
_м,8917,0.005551
н_,8856,0.005514
ва,8701,0.005417
за,8672,0.005399
ор,8634,0.005375
ол,8604,0.005357
_е,8577,0.005340
в_,8366,0.005208
ле,8321,0.005180
ли,8319,0.005179
ре,8193,0.005101
ер,8183,0.005095
те,7936,0.004941
та,7895,0.004915
ск,7865,0.004897
к_,7584,0.004722
ом,7581,0.004720
ви,7271,0.004527
ог,7252,0.004515
де,7223,0.004497
чт,7185,0.004473
ил,7091,0.004415
се,7081,0.004408
ет,7023,0.004372
ри,7004,0.004361
ан,6963,0.004335
т_,6936,0.004318
да,6793,0.004229
_з,6747,0.004201
аз,6743,0.004198
ы_,6738,0.004195
_у,6728,0.004189
ве,6712,0.004179
ак,6694,0.004168
бы,6656,0.004144
ат,6638,0.004133
од,6626,0.004125
же,6559,0.004083
ин,6436,0.004007
ем,6391,0.003979
_р,6090,0.003791
ит,6055,0.003770
ти,5990,0.003729
ес,5981,0.003724
ег,5939,0.003697
до,5915,0.003683
_л,5833,0.003631
ас,5597,0.003485
вс,5560,0.003462
ль,5538,0.003448
ю_,5503,0.003426
_г,5408,0.003367
об,5383,0.003351
че,5301,0.003300
мо,5045,0.003141
_а,5036,0.003135
ав,4884,0.003041
ся,4804,0.002991
_э,4690,0.002920
ме,4625,0.002879
ой,4616,0.002874
с_,4604,0.002866
сь,4585,0.002854
эт,4570,0.002845
нн,4467,0.002781
ки,4455,0.002774
ны,4453,0.002772
му,4430,0.002758
им,4413,0.002747
ив,4272,0.002660
х_,4234,0.002636
тв,4140,0.002577
ыл,4132,0.002572
ми,4132,0.002572
_ж,4082,0.002541
сл,3989,0.002483
ей,3986,0.002482
ое,3938,0.002452
ну,3932,0.002448
ев,3922,0.002442
ма,3890,0.002422
ед,3848,0.002396
тр,3843,0.002393
вы,3842,0.002392
ая,3838,0.002389
ам,3821,0.002379
ие,3768,0.002346
со,3740,0.002328
ше,3638,0.002265
_я,3612,0.002249
ар,3611,0.002248
ру,3609,0.002247
хо,3553,0.002212
ее,3532,0.002199
ча,3529,0.002197
ад,3503,0.002181
пе,3285,0.002045
ди,3254,0.002026
ис,3246,0.002021
бе,3233,0.002013
бо,3144,0.001957
зн,3061,0.001906
ож,3058,0.001904
ич,2969,0.001848
ду,2910,0.001812
св,2898,0.001804
ек,2812,0.001751
са,2797,0.001741
ня,2782,0.001732
уж,2774,0.001727
ля,2742,0.001707
сп,2705,0.001684
из,2702,0.001682
ия,2654,0.001652
оч,2541,0.001582
ид,2472,0.001539
ши,2468,0.001537
ок,2462,0.001533
_х,2457,0.001530
уд,2423,0.001508
ик,2420,0.001507
гл,2413,0.001502
дн,2410,0.001500
др,2397,0.001492
ты,2376,0.001479
жи,2302,0.001433
жа,2249,0.001400
ку,2237,0.001393
кр,2194,0.001366
еп,2183,0.001359
ят,2169,0.001350
еб,2093,0.001303
си,2063,0.001284
ий,2051,0.001277
ще,2049,0.001276
чи,2044,0.001273
их,2040,0.001270
мн,2018,0.001256
ош,2003,0.001247
вн,1996,0.001243
нь,1979,0.001232
ры,1948,0.001213
ьк,1922,0.001197
ум,1901,0.001184
лу,1880,0.001170
ый,1867,0.001162
гд,1863,0.001160
ез,1850,0.001152
ым,1847,0.001150
ьн,1834,0.001142
па,1829,0.001139
ул,1828,0.001138
ту,1823,0.001135
ув,1805,0.001124
аж,1792,0.001116
лс,1775,0.001105
вш,1731,0.001078
бр,1717,0.001069
оп,1715,0.001068
з_,1700,0.001058
ут,1678,0.001045
тн,1664,0.001036
вр,1657,0.001032
нс,1615,0.001005
лю,1599,0.000995
жн,1581,0.000984
уг,1576,0.000981
ае,1573,0.000979
оз,1569,0.000977
бу,1558,0.000970
ыв,1538,0.000958
ус,1531,0.000953
д_,1530,0.000953
ую,1524,0.000949
лы,1522,0.000948
кс,1511,0.000941
еш,1510,0.000940
сн,1495,0.000931
чу,1487,0.000926
ые,1476,0.000919
ша,1461,0.000910
мы,1449,0.000902
рь,1409,0.000877
ря,1408,0.000877
еч,1389,0.000865
уч,1378,0.000858
яс,1371,0.000854
аю,1359,0.000846
дь,1353,0.000842
ба,1351,0.000841
ьс,1331,0.000829
ял,1313,0.000817
ах,1312,0.000817
см,1311,0.000816
тс,1305,0.000812
га,1303,0.000811
ха,1300,0.000809
ою,1292,0.000804
еж,1283,0.000799
иц,1270,0.000791
дл,1263,0.000786
зв,1255,0.000781
ех,1252,0.000779
ч_,1243,0.000774
ых,1239,0.000771
ач,1224,0.000762
би,1221,0.000760
бл,1216,0.000757
жд,1215,0.000756
дв,1215,0.000756
ук,1215,0.000756
пи,1207,0.000751
вл,1207,0.000751
зд,1193,0.000743
ги,1188,0.000740
ыс,1177,0.000733
ои,1137,0.000708
ыт,1127,0.000702
_ш,1120,0.000697
уш,1119,0.000697
гр,1070,0.000666
ву,1064,0.000662
г_,1055,0.000657
щи,1050,0.000654
ян,1032,0.000642
р_,1023,0.000637
аш,1022,0.000636
нд,1020,0.000635
юб,1008,0.000628
рн,1007,0.000627
це,998,0.000621
ещ,979,0.000609
кн,976,0.000608
ье,971,0.000605
гу,949,0.000591
аб,933,0.000581
аг,933,0.000581
рк,911,0.000567
ап,909,0.000566
уп,881,0.000548
вз,872,0.000543
сс,870,0.000542
яд,867,0.000540
шл,864,0.000538
ии,858,0.000534
зг,848,0.000528
тя,843,0.000525
ай,840,0.000523
ур,828,0.000515
ья,825,0.000514
бя,821,0.000511
уб,811,0.000505
ды,810,0.000504
шь,795,0.000495
пу,789,0.000491
су,788,0.000491
ир,787,0.000490
ке,783,0.000487
оя,773,0.000481
ыб,766,0.000477
зя,766,0.000477
йс,763,0.000475
чн,760,0.000473
тк,752,0.000468
ца,744,0.000463
пл,714,0.000445
рт,713,0.000444
сч,675,0.000420
ыш,672,0.000418
ьи,664,0.000413
ьш,660,0.000411
ею,658,0.000410
иг,644,0.000401
дя,641,0.000399
нт,637,0.000397
ью,628,0.000391
иш,625,0.000389
_ф,613,0.000382
б_,612,0.000381
лж,611,0.000380
мя,611,0.000380
иб,601,0.000374
кт,587,0.000365
шн,583,0.000363
зы,571,0.000355
ея,561,0.000349
рг,561,0.000349
шк,553,0.000344
рд,553,0.000344
зо,545,0.000339
пя,542,0.000337
ющ,526,0.000327
ын,525,0.000327
сы,521,0.000324
ох,520,0.000324
сд,520,0.000324
ге,516,0.000321
вд,510,0.000318
кл,501,0.000312
дс,498,0.000310
иж,497,0.000309
ям,495,0.000308
чк,491,0.000306
яз,482,0.000300
бн,480,0.000299
зи,467,0.000291
яж,466,0.000290
рв,466,0.000290
рж,465,0.000289
лн,463,0.000288
ух,459,0.000286
ща,459,0.000286
фи,458,0.000285
яг,456,0.000284
ж_,452,0.000281
ыр,451,0.000281
шу,451,0.000281
шо,447,0.000278
лк,447,0.000278
тч,445,0.000277
уз,444,0.000276
цо,444,0.000276
тл,413,0.000257
нч,411,0.000256
зм,411,0.000256
зу,408,0.000254
лл,404,0.000252
вя,401,0.000250
йн,401,0.000250
яв,399,0.000248
бк,398,0.000248
нк,395,0.000246
уе,395,0.000246
пы,392,0.000244
жу,387,0.000241
ют,386,0.000240
аф,381,0.000237
_ц,378,0.000235
йт,377,0.000235
нц,376,0.000234
юд,374,0.000233
ию,365,0.000227
бщ,355,0.000221
вт,352,0.000219
зе,348,0.000217
рш,341,0.000212
ьм,338,0.000210
рб,338,0.000210
йд,335,0.000209
дк,330,0.000205
ащ,330,0.000205
цу,327,0.000204
вп,327,0.000204
ун,326,0.000203
ящ,312,0.000194
вь,305,0.000190
дт,303,0.000189
зр,298,0.000186
ущ,298,0.000186
оо,295,0.000184
зл,288,0.000179
ео,286,0.000178
дц,283,0.000176
ях,282,0.000176
рс,282,0.000176
зь,280,0.000174
ц_,275,0.000171
гн,272,0.000169
ыч,270,0.000168
чш,268,0.000167
ьз,267,0.000166
юс,261,0.000162
кв,258,0.000161
чь,257,0.000160
ню,255,0.000159
зб,255,0.000159
нщ,249,0.000155
ык,247,0.000154
ец,243,0.000151
вм,236,0.000147
ищ,235,0.000146
вк,233,0.000145
цы,228,0.000142
ощ,227,0.000141
фр,221,0.000138
ху,221,0.000138
ыд,219,0.000136
ци,215,0.000134
яя,213,0.000133
ип,208,0.000129
сх,204,0.000127
бь,201,0.000125
сю,195,0.000121
яч,194,0.000121
лч,194,0.000121
уй,193,0.000120
аи,192,0.000120
оф,192,0.000120
лг,191,0.000119
яй,191,0.000119
гк,191,0.000119
тд,189,0.000118
уя,187,0.000116
ып,184,0.000115
рм,178,0.000111
ац,178,0.000111
рю,177,0.000110
ср,175,0.000109
зж,172,0.000107
фе,171,0.000106
_щ,167,0.000104
дш,166,0.000103
як,166,0.000103
мс,166,0.000103
цк,163,0.000101
хн,159,0.000099
хи,156,0.000097
ьц,156,0.000097
рх,155,0.000096
жс,155,0.000096
яю,154,0.000096
еи,154,0.000096
хв,152,0.000095
ыг,146,0.000091
еу,145,0.000090
жк,145,0.000090
мл,144,0.000090
бв,140,0.000087
хл,139,0.000087
щу,138,0.000086
зк,137,0.000085
йл,137,0.000085
шв,136,0.000085
ьб,131,0.000082
вч,127,0.000079
оц,127,0.000079
нр,126,0.000078
иа,125,0.000078
фо,125,0.000078
ио,124,0.000077
тт,122,0.000076
йч,120,0.000075
нг,119,0.000074
мр,118,0.000073
бс,115,0.000072
ьт,115,0.000072
дм,112,0.000070
йк,105,0.000065
яе,105,0.000065
дп,104,0.000065
рч,104,0.000065
мь,102,0.000064
шт,101,0.000063
тц,101,0.000063
ш_,101,0.000063
дх,100,0.000062
фа,100,0.000062
ыз,98,0.000061
ьч,98,0.000061
пн,97,0.000060
пк,95,0.000059
чр,95,0.000059
рп,95,0.000059
бм,94,0.000059
зч,90,0.000056
яп,90,0.000056
сш,90,0.000056
вх,90,0.000056
хр,90,0.000056
бх,88,0.000055
йм,86,0.000054
мк,83,0.000052
фь,81,0.000050
хм,81,0.000050
сб,79,0.000049
рл,79,0.000049
мп,79,0.000049
чо,78,0.000049
яш,78,0.000049
йш,77,0.000048
пт,76,0.000047
тп,75,0.000047
ьг,75,0.000047
оу,74,0.000046
сц,73,0.000045
яр,72,0.000045
зс,72,0.000045
жб,70,0.000044
чл,69,0.000043
жь,68,0.000042
п_,68,0.000042
йц,67,0.000042
тю,67,0.000042
жч,66,0.000041
хс,65,0.000040
лп,65,0.000040
жо,64,0.000040
яи,62,0.000039
ау,62,0.000039
гч,61,0.000038
эк,60,0.000037
дд,60,0.000037
юч,60,0.000037
юр,59,0.000037
цв,59,0.000037
пь,58,0.000036
мм,57,0.000035
эл,56,0.000035
юю,55,0.000034
бд,54,0.000034
хе,54,0.000034
еа,52,0.000032
яц,52,0.000032
пч,50,0.000031
уа,50,0.000031
рщ,48,0.000030
ф_,48,0.000030
мг,48,0.000030
гс,47,0.000029
вг,46,0.000029
сж,44,0.000027
_ю,44,0.000027
щн,44,0.000027
оэ,43,0.000027
ьд,43,0.000027
юш,42,0.000026
дч,42,0.000026
юн,40,0.000025
ьв,40,0.000025
вц,39,0.000024
лт,39,0.000024
фу,38,0.000024
ыж,38,0.000024
яб,37,0.000023
дб,36,0.000022
пп,36,0.000022
эн,36,0.000022
щь,36,0.000022
вв,35,0.000022
рц,35,0.000022
мт,32,0.000020
фл,31,0.000019
фт,31,0.000019
сз,31,0.000019
тф,30,0.000019
мч,30,0.000019
лб,29,0.000018
зз,29,0.000018
рз,26,0.000016
ьщ,25,0.000016
рр,25,0.000016
уф,24,0.000015
вб,24,0.000015
нф,23,0.000014
иф,22,0.000014
нз,22,0.000014
пш,22,0.000014
лд,22,0.000014
зт,22,0.000014
тщ,21,0.000013
кк,21,0.000013
уэ,21,0.000013
тм,20,0.000012
тб,20,0.000012
юм,20,0.000012
юл,19,0.000012
пц,19,0.000012
сг,18,0.000011
жж,18,0.000011
нб,17,0.000011
кш,17,0.000011
тх,17,0.000011
фс,15,0.000009
мц,15,0.000009
юх,15,0.000009
хш,15,0.000009
дж,14,0.000009
юп,14,0.000009
иу,14,0.000009
кж,13,0.000008
вщ,13,0.000008
бш,13,0.000008
мб,13,0.000008
бт,13,0.000008
ьо,12,0.000007
цц,12,0.000007
сф,12,0.000007
аа,11,0.000007
гв,11,0.000007
щ_,11,0.000007
бч,10,0.000006
шп,10,0.000006
гт,10,0.000006
дю,10,0.000006
шм,10,0.000006
зш,10,0.000006
хт,10,0.000006
тг,10,0.000006
рф,10,0.000006
бц,10,0.000006
ыу,9,0.000006
жг,9,0.000006
гш,9,0.000006
фы,9,0.000006
юц,8,0.000005
кц,8,0.000005
чм,8,0.000005
щр,8,0.000005
ыи,8,0.000005
мш,7,0.000004
еф,7,0.000004
тж,7,0.000004
ао,7,0.000004
эр,7,0.000004
лф,7,0.000004
зю,7,0.000004
йф,7,0.000004
дг,7,0.000004
фф,7,0.000004
бю,7,0.000004
нв,7,0.000004
бг,6,0.000004
лш,6,0.000004
зц,6,0.000004
уц,6,0.000004
бж,6,0.000004
уо,6,0.000004
юг,6,0.000004
кд,6,0.000004
жл,6,0.000004
эг,5,0.000003
пс,5,0.000003
лв,5,0.000003
эз,5,0.000003
пю,5,0.000003
юв,5,0.000003
чв,5,0.000003
нж,5,0.000003
эп,5,0.000003
лз,5,0.000003
эй,4,0.000002
юк,4,0.000002
жм,4,0.000002
эс,4,0.000002
вю,4,0.000002
шю,4,0.000002
уи,4,0.000002
мщ,4,0.000002
шц,4,0.000002
фм,4,0.000002
оа,4,0.000002
ьэ,4,0.000002
кз,4,0.000002
нш,3,0.000002
тз,3,0.000002
_ь,3,0.000002
мз,3,0.000002
йо,3,0.000002
эф,3,0.000002
сэ,3,0.000002
юж,3,0.000002
мю,3,0.000002
гю,3,0.000002
юф,3,0.000002
юз,3,0.000002
сщ,3,0.000002
ьп,3,0.000002
бз,3,0.000002
юи,2,0.000001
бб,2,0.000001
шш,2,0.000001
йб,2,0.000001
гь,2,0.000001
фю,2,0.000001
тэ,2,0.000001
вж,2,0.000001
що,2,0.000001
цм,2,0.000001
эм,2,0.000001
хг,2,0.000001
фя,2,0.000001
фн,2,0.000001
э_,2,0.000001
шр,2,0.000001
эд,2,0.000001
мв,2,0.000001
ыя,2,0.000001
_й,2,0.000001
ьх,2,0.000001
гф,2,0.000001
ьж,1,0.000001
жц,1,0.000001
дз,1,0.000001
ыц,1,0.000001
хь,1,0.000001
_ы,1,0.000001
эх,1,0.000001
аэ,1,0.000001
яу,1,0.000001
йр,1,0.000001
йе,1,0.000001
цб,1,0.000001
бп,1,0.000001
лц,1,0.000001
лщ,1,0.000001
кб,1,0.000001
эв,1,0.000001
тш,1,0.000001
кф,1,0.000001
гм,1,0.000001
шг,1,0.000001
эш,1,0.000001
йз,1,0.000001
фч,1,0.000001
яа,1,0.000001
йщ,1,0.000001
кх,1,0.000001
мх,1,0.000001
мж,1,0.000001
дщ,1,0.000001
пф,1,0.000001
хп,1,0.000001
мф,1,0.000001
хд,1,0.000001
гз,1,0.000001
пщ,1,0.000001
хч,1,0.000001
ыщ,1,0.000001
жр,1,0.000001
цш,1,0.000001
юа,1,0.000001
лм,1,0.000001
нм,1,0.000001
уу,1,0.000001
еэ,1,0.000001
эи,1,0.000001
